<?xml version="1.0" encoding="UTF-8"?>
<project-private xmlns="http://www.netbeans.org/ns/project-private/1">
    <editor-bookmarks xmlns="http://www.netbeans.org/ns/editor-bookmarks/2" lastBookmarkId="0"/>
    <open-files xmlns="http://www.netbeans.org/ns/projectui-open-files/2">
        <group>
            <file>file:/C:/Users/FabioPerucelloArante/Downloads/java/JavaKids_Calculadora-JAVA/Calculadora-JAVA/Calculadora-JAVA/src/view/CalculadoraView.java</file>
            <file>file:/C:/Users/FabioPerucelloArante/Downloads/java/JavaKids_Calculadora-JAVA/Calculadora-JAVA/Calculadora-JAVA/src/controller/CalculadoraController.java</file>
            <file>file:/C:/Users/FabioPerucelloArante/Downloads/java/JavaKids_Calculadora-JAVA/Calculadora-JAVA/Calculadora-JAVA/src/controller/ext/CalculadoraExt.java</file>
        </group>
    </open-files>
</project-private>
